target_id,field,source_value,source_valid,protocol_code,decoded_value,decoded_valid,absolute_error/tolerance,passed
a48850,lat,48.3902,True,3224725,48.390216443590276,True,1.64436e-05/4.29154e-05,True
a48850,lon,9.4747,True,2207540,9.474723213845039,True,2.32138e-05/8.58307e-05,True
a48850,altitude,11887.2,True,12887,11887.0,True,0.2/1,True
a48850,speed,241.82,True,2418,241.8,True,0.02/0.1,True
a48850,heading,152.78,True,15278,152.78,True,0/0.01,True
a48850,vertical_rate,0.0,True,32768,0.0,True,0/0.01,True
a48850,callsign,UPS266,True,,UPS266,True,N/A,True
896175,lat,45.5435,True,3158392,45.543512235525185,True,1.22355e-05/4.29154e-05,True
896175,lon,5.0463,True,2155945,5.046287786075538,True,1.22139e-05/8.58307e-05,True
896175,altitude,10972.8,True,11973,10973.0,True,0.2/1,True
896175,speed,256.15,True,2561,256.1,True,0.05/0.1,True
896175,heading,109.96,True,10996,109.96000000000001,True,1.42109e-14/0.01,True
896175,vertical_rate,0.0,True,32768,0.0,True,0/0.01,True
896175,callsign,UAE4M,True,,UAE4M,True,N/A,True
3849ff,lat,47.5864,True,3205995,47.58641185436531,True,1.18544e-05/4.29154e-05,True
3849ff,lon,7.5318,True,2184903,7.531773455565798,True,2.65444e-05/8.58307e-05,True
3849ff,altitude,,False,0,,False,N/A,True
3849ff,speed,12.35,True,123,12.3,True,0.05/0.1,True
3849ff,heading,300.94,True,30094,300.94,True,0/0.01,True
3849ff,vertical_rate,,False,0,,False,N/A,True
3849ff,callsign,M02,True,,M02,True,N/A,True
407fac,lat,48.9159,True,3236974,48.91588662049452,True,1.33795e-05/4.29154e-05,True
407fac,lon,9.0408,True,2202484,9.040763149443421,True,3.68506e-05/8.58307e-05,True
407fac,altitude,11582.4,True,12582,11582.0,True,0.4/1,True
407fac,speed,228.42,True,2284,228.4,True,0.02/0.1,True
407fac,heading,300.9,True,30090,300.90000000000003,True,5.68434e-14/0.01,True
407fac,vertical_rate,0.0,True,32768,0.0,True,0/0.01,True
407fac,callsign,TOM8VC,True,,TOM8VC,True,N/A,True
3c815e,lat,48.6854,True,3231603,48.6853882516356,True,1.17484e-05/4.29154e-05,True
3c815e,lon,9.2005,True,2204345,9.200494098781121,True,5.90122e-06/8.58307e-05,True
3c815e,altitude,,False,0,,False,N/A,True
3c815e,speed,1.29,True,13,1.3,True,0.01/0.1,True
3c815e,heading,70.31,True,7031,70.31,True,0/0.01,True
3c815e,vertical_rate,,False,0,,False,N/A,True
3c815e,callsign,F172,True,,F172,True,N/A,True
7c8066,lat,49.3885,True,3247987,49.38851341927369,True,1.34193e-05/4.29154e-05,True
7c8066,lon,11.6329,True,2232685,11.63293639014637,True,3.63901e-05/8.58307e-05,True
7c8066,altitude,12192.0,True,13192,12192.0,True,0/1,True
7c8066,speed,244.2,True,2442,244.20000000000002,True,2.84217e-14/0.1,True
7c8066,heading,293.59,True,29359,293.59000000000003,True,5.68434e-14/0.01,True
7c8066,vertical_rate,0.0,True,32768,0.0,True,0/0.01,True
7c8066,callsign,QFA219,True,,QFA219,True,N/A,True
45ce47,lat,48.5581,True,3228637,48.558101310277294,True,1.31028e-06/4.29154e-05,True
45ce47,lon,6.2995,True,2170546,6.299501967311386,True,1.96731e-06/8.58307e-05,True
45ce47,altitude,11887.2,True,12887,11887.0,True,0.2/1,True
45ce47,speed,233.12,True,2331,233.10000000000002,True,0.02/0.1,True
45ce47,heading,181.52,True,18152,181.52,True,0/0.01,True
45ce47,vertical_rate,0.0,True,32768,0.0,True,0/0.01,True
45ce47,callsign,SRR6382,True,,SRR6382,True,N/A,True
3c5434,lat,45.7544,True,3163306,45.75439828739124,True,1.71261e-06/4.29154e-05,True
3c5434,lon,8.7707,True,2199338,8.770739739117545,True,3.97391e-05/8.58307e-05,True
3c5434,altitude,3429.0,True,4429,3429.0,True,0/1,True
3c5434,speed,180.12,True,1801,180.10000000000002,True,0.02/0.1,True
3c5434,heading,147.72,True,14772,147.72,True,0/0.01,True
3c5434,vertical_rate,-6.83,True,32085,-6.829999999999984,True,1.59872e-14/0.01,True
3c5434,callsign,BCS6GA,True,,BCS6GA,True,N/A,True
4b5d62,lat,47.4577,True,3202996,47.45770870630949,True,8.70631e-06/4.29154e-05,True
4b5d62,lon,8.5626,True,2196913,8.562600269937576,True,2.69938e-07/8.58307e-05,True
4b5d62,altitude,,False,0,,False,N/A,True
4b5d62,speed,2.83,True,28,2.8000000000000003,True,0.03/0.1,True
4b5d62,heading,272.81,True,27281,272.81,True,0/0.01,True
4b5d62,vertical_rate,,False,0,,False,N/A,True
4b5d62,callsign,VIKTOR21,True,,VIKTOR21,True,N/A,True
4b5d54,lat,47.4581,True,3203005,47.45809494449972,True,5.0555e-06/4.29154e-05,True
4b5d54,lon,8.5502,True,2196769,8.550240647850188,True,4.06479e-05/8.58307e-05,True
4b5d54,altitude,,False,0,,False,N/A,True
4b5d54,speed,3.6,True,36,3.6,True,0/0.1,True
4b5d54,heading,275.62,True,27562,275.62,True,0/0.01,True
4b5d54,vertical_rate,,False,0,,False,N/A,True
4b5d54,callsign,GALA6,True,,GALA6,True,N/A,True
4b5d6e,lat,47.4409,True,3202604,47.44088588735721,True,1.41126e-05/4.29154e-05,True
4b5d6e,lon,8.5619,True,2196905,8.561913624266055,True,1.36243e-05/8.58307e-05,True
4b5d6e,altitude,,False,0,,False,N/A,True
4b5d6e,speed,2.83,True,28,2.8000000000000003,True,0.03/0.1,True
4b5d6e,heading,22.5,True,2250,22.5,True,0/0.01,True
4b5d6e,vertical_rate,,False,0,,False,N/A,True
4b5d6e,callsign,VIKTOR31,True,,VIKTOR31,True,N/A,True
4b5c39,lat,47.458,True,3203003,47.45800911379078,True,9.11379e-06/4.29154e-05,True
4b5c39,lon,8.5506,True,2196773,8.550583970685949,True,1.60293e-05/8.58307e-05,True
4b5c39,altitude,,False,0,,False,N/A,True
4b5c39,speed,4.63,True,46,4.6000000000000005,True,0.03/0.1,True
4b5c39,heading,278.44,True,27844,278.44,True,0/0.01,True
4b5c39,vertical_rate,,False,0,,False,N/A,True
4b5c39,callsign,GALA21,True,,GALA21,True,N/A,True
4b5c1b,lat,47.4568,True,3202975,47.45680748386562,True,7.48387e-06/4.29154e-05,True
4b5c1b,lon,8.5628,True,2196915,8.562771931355456,True,2.80686e-05/8.58307e-05,True
4b5c1b,altitude,,False,0,,False,N/A,True
4b5c1b,speed,0.26,True,3,0.30000000000000004,True,0.04/0.1,True
4b5c1b,heading,300.94,True,30094,300.94,True,0/0.01,True
4b5c1b,vertical_rate,,False,0,,False,N/A,True
4b5c1b,callsign,URSULA8,True,,URSULA8,True,N/A,True
48ea3a,lat,47.9068,True,3213461,47.90681789083908,True,1.78908e-05/4.29154e-05,True
48ea3a,lon,8.0877,True,2191380,8.087698957371487,True,1.04263e-06/8.58307e-05,True
48ea3a,altitude,10972.8,True,11973,10973.0,True,0.2/1,True
48ea3a,speed,229.54,True,2295,229.5,True,0.04/0.1,True
48ea3a,heading,225.45,True,22545,225.45000000000002,True,2.84217e-14/0.01,True
48ea3a,vertical_rate,0.0,True,32768,0.0,True,0/0.01,True
48ea3a,callsign,ENT1511,True,,ENT1511,True,N/A,True
424cbf,lat,46.8991,True,3189979,46.89907953717221,True,2.04628e-05/4.29154e-05,True
424cbf,lon,11.2504,True,2228228,11.250388920399871,True,1.10796e-05/8.58307e-05,True
424cbf,altitude,9883.14,True,10883,9883.0,True,0.14/1,True
424cbf,speed,244.26,True,2443,244.3,True,0.04/0.1,True
424cbf,heading,222.87,True,22287,222.87,True,0/0.01,True
424cbf,vertical_rate,-8.13,True,31955,-8.129999999999995,True,5.32907e-15/0.01,True
424cbf,callsign,MACOR,True,,MACOR,True,N/A,True
a61c53,lat,49.3817,True,3247828,49.38168987791295,True,1.01221e-05/4.29154e-05,True
a61c53,lon,10.8344,True,2223381,10.834367474166726,True,3.25258e-05/8.58307e-05,True
a61c53,altitude,10363.2,True,11363,10363.0,True,0.2/1,True
a61c53,speed,243.21,True,2432,243.20000000000002,True,0.01/0.1,True
a61c53,heading,288.63,True,28863,288.63,True,0/0.01,True
a61c53,vertical_rate,0.0,True,32768,0.0,True,0/0.01,True
a61c53,callsign,THY6091,True,,THY6091,True,N/A,True
8966d5,lat,47.8922,True,3213120,47.892183754964776,True,1.6245e-05/4.29154e-05,True
8966d5,lon,7.5863,True,2185538,7.5862759557428205,True,2.40443e-05/8.58307e-05,True
8966d5,altitude,11277.6,True,12278,11278.0,True,0.4/1,True
8966d5,speed,259.27,True,2593,259.3,True,0.03/0.1,True
8966d5,heading,104.01,True,10401,104.01,True,0/0.01,True
8966d5,vertical_rate,0.0,True,32768,0.0,True,0/0.01,True
8966d5,callsign,ETD2,True,,ETD2,True,N/A,True
4d253b,lat,46.5527,True,3181908,46.552709711244034,True,9.71124e-06/4.29154e-05,True
4d253b,lon,5.7932,True,2164647,5.793186615273129,True,1.33847e-05/8.58307e-05,True
4d253b,altitude,11277.6,True,12278,11278.0,True,0.4/1,True
4d253b,speed,224.65,True,2247,224.70000000000002,True,0.05/0.1,True
4d253b,heading,200.51,True,20051,200.51,True,0/0.01,True
4d253b,vertical_rate,0.0,True,32768,0.0,True,0/0.01,True
4d253b,callsign,EWG40C,True,,EWG40C,True,N/A,True
45b534,lat,48.7181,True,3232365,48.71808975174184,True,1.02483e-05/4.29154e-05,True
45b534,lon,9.474,True,2207532,9.474036568173517,True,3.65682e-05/8.58307e-05,True
45b534,altitude,11582.4,True,12582,11582.0,True,0.4/1,True
45b534,speed,222.93,True,2229,222.9,True,0.03/0.1,True
45b534,heading,302.37,True,30237,302.37,True,0/0.01,True
45b534,vertical_rate,0.0,True,32768,0.0,True,0/0.01,True
45b534,callsign,GAV596,True,,GAV596,True,N/A,True
4d240c,lat,49.244,True,3244620,49.24401742077288,True,1.74208e-05/4.29154e-05,True
4d240c,lon,10.6347,True,2221055,10.634725245171836,True,2.52452e-05/8.58307e-05,True
4d240c,altitude,5189.22,True,6189,5189.0,True,0.22/1,True
4d240c,speed,186.49,True,1865,186.5,True,0.01/0.1,True
4d240c,heading,248.81,True,24881,248.81,True,0/0.01,True
4d240c,vertical_rate,10.08,True,33776,10.079999999999984,True,1.59872e-14/0.01,True
4d240c,callsign,EWG53L,True,,EWG53L,True,N/A,True
ad35c8,lat,45.9506,True,3167878,45.95060728802855,True,7.28803e-06/4.29154e-05,True
ad35c8,lon,11.2781,True,2228551,11.278112239387553,True,1.22394e-05/8.58307e-05,True
ad35c8,altitude,13716.0,True,14716,13716.0,True,0/1,True
ad35c8,speed,255.47,True,2555,255.5,True,0.03/0.1,True
ad35c8,heading,118.11,True,11811,118.11,True,0/0.01,True
ad35c8,vertical_rate,0.0,True,32768,0.0,True,0/0.01,True
ad35c8,callsign,N950MP,True,,N950MP,True,N/A,True
3889ff,lat,45.7174,True,3162444,45.71740525183802,True,5.25184e-06/4.29154e-05,True
3889ff,lon,5.0917,True,2156474,5.091692231104901,True,7.7689e-06/8.58307e-05,True
3889ff,altitude,,False,0,,False,N/A,True
3889ff,speed,5.66,True,57,5.7,True,0.04/0.1,True
3889ff,heading,171.56,True,17156,171.56,True,0/0.01,True
3889ff,vertical_rate,,False,0,,False,N/A,True
3889ff,callsign,LA2,True,,LA2,True,N/A,True
4b17fd,lat,47.4443,True,3202684,47.44431911571482,True,1.91157e-05/4.29154e-05,True
4b17fd,lon,8.5674,True,2196969,8.567406789638227,True,6.78964e-06/8.58307e-05,True
4b17fd,altitude,,False,0,,False,N/A,True
4b17fd,speed,0.26,True,3,0.30000000000000004,True,0.04/0.1,True
4b17fd,heading,244.69,True,24469,244.69,True,0/0.01,True
4b17fd,vertical_rate,,False,0,,False,N/A,True
4b17fd,callsign,SWR7DC,True,,SWR7DC,True,N/A,True
a48850,lat,48.3811,True,3224513,48.381118388442616,True,1.83884e-05/4.29154e-05,True
a48850,lon,9.4818,True,2207622,9.481761331978134,True,3.8668e-05/8.58307e-05,True
a48850,altitude,11887.2,True,12887,11887.0,True,0.2/1,True
a48850,speed,241.82,True,2418,241.8,True,0.02/0.1,True
a48850,heading,152.78,True,15278,152.78,True,0/0.01,True
a48850,vertical_rate,0.0,True,32768,0.0,True,0/0.01,True
a48850,callsign,UPS266,True,,UPS266,True,N/A,True
896175,lat,45.5396,True,3158301,45.539606938268406,True,6.93827e-06/4.29154e-05,True
896175,lon,5.0616,True,2156123,5.061565652266893,True,3.43477e-05/8.58307e-05,True
896175,altitude,10972.8,True,11973,10973.0,True,0.2/1,True
896175,speed,255.67,True,2557,255.70000000000002,True,0.03/0.1,True
896175,heading,110.0,True,11000,110.0,True,0/0.01,True
896175,vertical_rate,0.0,True,32768,0.0,True,0/0.01,True
896175,callsign,UAE4M,True,,UAE4M,True,N/A,True
3849ff,lat,47.5871,True,3206011,47.58709850003683,True,1.49996e-06/4.29154e-05,True
3849ff,lon,7.5312,True,2184896,7.5311726406032165,True,2.73594e-05/8.58307e-05,True
3849ff,altitude,,False,0,,False,N/A,True
3849ff,speed,18.52,True,185,18.5,True,0.02/0.1,True
3849ff,heading,334.69,True,33469,334.69,True,0/0.01,True
3849ff,vertical_rate,,False,0,,False,N/A,True
3849ff,callsign,M02,True,,M02,True,N/A,True
407fac,lat,48.9207,True,3237086,48.92069314019517,True,6.8598e-06/4.29154e-05,True
407fac,lon,9.0286,True,2202342,9.028575188773914,True,2.48112e-05/8.58307e-05,True
407fac,altitude,11582.4,True,12582,11582.0,True,0.4/1,True
407fac,speed,228.42,True,2284,228.4,True,0.02/0.1,True
407fac,heading,300.9,True,30090,300.90000000000003,True,5.68434e-14/0.01,True
407fac,vertical_rate,0.0,True,32768,0.0,True,0/0.01,True
407fac,callsign,TOM8VC,True,,TOM8VC,True,N/A,True
3c815e,lat,48.6854,True,3231603,48.6853882516356,True,1.17484e-05/4.29154e-05,True
3c815e,lon,9.2005,True,2204345,9.200494098781121,True,5.90122e-06/8.58307e-05,True
3c815e,altitude,,False,0,,False,N/A,True
3c815e,speed,1.29,True,13,1.3,True,0.01/0.1,True
3c815e,heading,70.31,True,7031,70.31,True,0/0.01,True
3c815e,vertical_rate,,False,0,,False,N/A,True
3c815e,callsign,F172,True,,F172,True,N/A,True
7c8066,lat,49.3929,True,3248089,49.39289078542964,True,9.21457e-06/4.29154e-05,True
7c8066,lon,11.6172,True,2232502,11.617229370410314,True,2.93704e-05/8.58307e-05,True
7c8066,altitude,12184.38,True,13184,12184.0,True,0.38/1,True
7c8066,speed,244.2,True,2442,244.20000000000002,True,2.84217e-14/0.1,True
7c8066,heading,293.59,True,29359,293.59000000000003,True,5.68434e-14/0.01,True
7c8066,vertical_rate,0.0,True,32768,0.0,True,0/0.01,True
7c8066,callsign,QFA219,True,,QFA219,True,N/A,True
45ce47,lat,48.5472,True,3228383,48.54720081024189,True,8.10242e-07/4.29154e-05,True
45ce47,lon,6.2991,True,2170541,6.299072813766685,True,2.71862e-05/8.58307e-05,True
45ce47,altitude,11887.2,True,12887,11887.0,True,0.2/1,True
45ce47,speed,233.64,True,2336,233.60000000000002,True,0.04/0.1,True
45ce47,heading,181.51,True,18151,181.51,True,0/0.01,True
45ce47,vertical_rate,0.0,True,32768,0.0,True,0/0.01,True
45ce47,callsign,SRR6382,True,,SRR6382,True,N/A,True
3c5434,lat,45.7476,True,3163148,45.747617661384965,True,1.76614e-05/4.29154e-05,True
3c5434,lon,8.7767,True,2199407,8.776662058034418,True,3.7942e-05/8.58307e-05,True
3c5434,altitude,3398.52,True,4399,3399.0,True,0.48/1,True
3c5434,speed,176.54,True,1765,176.5,True,0.04/0.1,True
3c5434,heading,148.95,True,14895,148.95000000000002,True,2.84217e-14/0.01,True
3c5434,vertical_rate,-6.5,True,32118,-6.5,True,0/0.01,True
3c5434,callsign,BCS6GA,True,,BCS6GA,True,N/A,True
4b5d62,lat,47.4577,True,3202996,47.45770870630949,True,8.70631e-06/4.29154e-05,True
4b5d62,lon,8.5625,True,2196912,8.562514439228636,True,1.44392e-05/8.58307e-05,True
4b5d62,altitude,,False,0,,False,N/A,True
4b5d62,speed,2.83,True,28,2.8000000000000003,True,0.03/0.1,True
4b5d62,heading,272.81,True,27281,272.81,True,0/0.01,True
4b5d62,vertical_rate,,False,0,,False,N/A,True
4b5d62,callsign,VIKTOR21,True,,VIKTOR21,True,N/A,True
4b5d54,lat,47.4581,True,3203005,47.45809494449972,True,5.0555e-06/4.29154e-05,True
4b5d54,lon,8.5499,True,2196765,8.549897325014427,True,2.67499e-06/8.58307e-05,True
4b5d54,altitude,,False,0,,False,N/A,True
4b5d54,speed,4.12,True,41,4.1000000000000005,True,0.02/0.1,True
4b5d54,heading,275.62,True,27562,275.62,True,0/0.01,True
4b5d54,vertical_rate,,False,0,,False,N/A,True
4b5d54,callsign,GALA6,True,,GALA6,True,N/A,True
4b5d6e,lat,47.441,True,3202607,47.44101463342062,True,1.46334e-05/4.29154e-05,True
4b5d6e,lon,8.5624,True,2196911,8.562428608519696,True,2.86085e-05/8.58307e-05,True
4b5d6e,altitude,,False,0,,False,N/A,True
4b5d6e,speed,2.83,True,28,2.8000000000000003,True,0.03/0.1,True
4b5d6e,heading,154.69,True,15469,154.69,True,0/0.01,True
4b5d6e,vertical_rate,,False,0,,False,N/A,True
4b5d6e,callsign,VIKTOR31,True,,VIKTOR31,True,N/A,True
4b5c39,lat,47.458,True,3203003,47.45800911379078,True,9.11379e-06/4.29154e-05,True
4b5c39,lon,8.5502,True,2196769,8.550240647850188,True,4.06479e-05/8.58307e-05,True
4b5c39,altitude,,False,0,,False,N/A,True
4b5c39,speed,4.37,True,44,4.4,True,0.03/0.1,True
4b5c39,heading,275.62,True,27562,275.62,True,0/0.01,True
4b5c39,vertical_rate,,False,0,,False,N/A,True
4b5c39,callsign,GALA21,True,,GALA21,True,N/A,True
4b5c1b,lat,47.4568,True,3202975,47.45680748386562,True,7.48387e-06/4.29154e-05,True
4b5c1b,lon,8.5628,True,2196915,8.562771931355456,True,2.80686e-05/8.58307e-05,True
4b5c1b,altitude,,False,0,,False,N/A,True
4b5c1b,speed,0.06,True,1,0.1,True,0.04/0.1,True
4b5c1b,heading,208.12,True,20812,208.12,True,0/0.01,True
4b5c1b,vertical_rate,,False,0,,False,N/A,True
4b5c1b,callsign,URSULA8,True,,URSULA8,True,N/A,True
440b61,lat,49.4601,True,3249655,49.46009623052984,True,3.76947e-06/4.29154e-05,True
440b61,lon,5.0066,True,2155483,5.006633998545169,True,3.39985e-05/8.58307e-05,True
440b61,altitude,10873.74,True,11874,10874.0,True,0.26/1,True
440b61,speed,232.46,True,2325,232.5,True,0.04/0.1,True
440b61,heading,35.91,True,3591,35.910000000000004,True,7.10543e-15/0.01,True
440b61,vertical_rate,5.53,True,33321,5.529999999999973,True,2.75335e-14/0.01,True
440b61,callsign,TAY5DN,True,,TAY5DN,True,N/A,True
48ea3a,lat,47.9002,True,3213307,47.900208926250684,True,8.92625e-06/4.29154e-05,True
48ea3a,lon,8.0776,True,2191262,8.077570933716487,True,2.90663e-05/8.58307e-05,True
48ea3a,altitude,10972.8,True,11973,10973.0,True,0.2/1,True
48ea3a,speed,229.54,True,2295,229.5,True,0.04/0.1,True
48ea3a,heading,225.45,True,22545,225.45000000000002,True,2.84217e-14/0.01,True
48ea3a,vertical_rate,0.0,True,32768,0.0,True,0/0.01,True
48ea3a,callsign,ENT1511,True,,ENT1511,True,N/A,True
424cbf,lat,46.8917,True,3189807,46.891698096203356,True,1.9038e-06/4.29154e-05,True
424cbf,lon,11.2404,True,2228112,11.240432558162809,True,3.25582e-05/8.58307e-05,True
424cbf,altitude,9845.04,True,10845,9845.0,True,0.04/1,True
424cbf,speed,244.63,True,2446,244.60000000000002,True,0.03/0.1,True
424cbf,heading,222.78,True,22278,222.78,True,0/0.01,True
424cbf,vertical_rate,-8.78,True,31890,-8.779999999999973,True,2.66454e-14/0.01,True
424cbf,callsign,MACOR,True,,MACOR,True,N/A,True
a61c53,lat,49.385,True,3247905,49.384994360207145,True,5.63979e-06/4.29154e-05,True
a61c53,lon,10.8196,True,2223209,10.819604592229012,True,4.59223e-06/8.58307e-05,True
a61c53,altitude,10363.2,True,11363,10363.0,True,0.2/1,True
a61c53,speed,243.05,True,2431,243.10000000000002,True,0.05/0.1,True
a61c53,heading,288.51,True,28851,288.51,True,0/0.01,True
a61c53,vertical_rate,0.0,True,32768,0.0,True,0/0.01,True
a61c53,callsign,THY6091,True,,THY6091,True,N/A,True
8966d5,lat,47.8892,True,3213050,47.88917968015187,True,2.03198e-05/4.29154e-05,True
8966d5,lon,7.6044,True,2185749,7.604386235329201,True,1.37647e-05/8.58307e-05,True
8966d5,altitude,11277.6,True,12278,11278.0,True,0.4/1,True
8966d5,speed,259.77,True,2598,259.8,True,0.03/0.1,True
8966d5,heading,103.98,True,10398,103.98,True,0/0.01,True
8966d5,vertical_rate,0.0,True,32768,0.0,True,0/0.01,True
8966d5,callsign,ETD2,True,,ETD2,True,N/A,True
4d253b,lat,46.5431,True,3181684,46.54309667184273,True,3.32816e-06/4.29154e-05,True
4d253b,lon,5.7885,True,2164592,5.788465926281418,True,3.40737e-05/8.58307e-05,True
4d253b,altitude,11277.6,True,12278,11278.0,True,0.4/1,True
4d253b,speed,225.32,True,2253,225.3,True,0.02/0.1,True
4d253b,heading,198.23,True,19823,198.23000000000002,True,2.84217e-14/0.01,True
4d253b,vertical_rate,0.0,True,32768,0.0,True,0/0.01,True
4d253b,callsign,EWG40C,True,,EWG40C,True,N/A,True
45b534,lat,48.7235,True,3232491,48.723497086405075,True,2.91359e-06/4.29154e-05,True
45b534,lon,9.4611,True,2207381,9.461076131123548,True,2.38689e-05/8.58307e-05,True
45b534,altitude,11582.4,True,12582,11582.0,True,0.4/1,True
45b534,speed,222.93,True,2229,222.9,True,0.03/0.1,True
45b534,heading,302.37,True,30237,302.37,True,0/0.01,True
45b534,vertical_rate,-0.33,True,32735,-0.3299999999999841,True,1.59317e-14/0.01,True
45b534,callsign,GAV596,True,,GAV596,True,N/A,True
4d240c,lat,49.2407,True,3244543,49.24071293847868,True,1.29385e-05/4.29154e-05,True
4d240c,lon,10.6218,True,2220904,10.621764808121867,True,3.51919e-05/8.58307e-05,True
4d240c,altitude,5242.56,True,6243,5243.0,True,0.44/1,True
4d240c,speed,192.03,True,1920,192.0,True,0.03/0.1,True
4d240c,heading,248.8,True,24880,248.8,True,0/0.01,True
4d240c,vertical_rate,9.43,True,33711,9.430000000000007,True,7.10543e-15/0.01,True
4d240c,callsign,EWG53L,True,,EWG53L,True,N/A,True
ad35c8,lat,45.9448,True,3167743,45.94481371517509,True,1.37152e-05/4.29154e-05,True
ad35c8,lon,11.2937,True,2228733,11.293733428414669,True,3.34284e-05/8.58307e-05,True
ad35c8,altitude,13716.0,True,14716,13716.0,True,0/1,True
ad35c8,speed,255.71,True,2557,255.70000000000002,True,0.01/0.1,True
ad35c8,heading,118.21,True,11821,118.21000000000001,True,1.42109e-14/0.01,True
ad35c8,vertical_rate,0.0,True,32768,0.0,True,0/0.01,True
ad35c8,callsign,N950MP,True,,N950MP,True,N/A,True
3889ff,lat,45.7172,True,3162439,45.717190675065666,True,9.32493e-06/4.29154e-05,True
3889ff,lon,5.0918,True,2156475,5.091778061813841,True,2.19382e-05/8.58307e-05,True
3889ff,altitude,,False,0,,False,N/A,True
3889ff,speed,7.2,True,72,7.2,True,0/0.1,True
3889ff,heading,168.75,True,16875,168.75,True,0/0.01,True
3889ff,vertical_rate,,False,0,,False,N/A,True
3889ff,callsign,LA2,True,,LA2,True,N/A,True
4b17fd,lat,47.4443,True,3202684,47.44431911571482,True,1.91157e-05/4.29154e-05,True
4b17fd,lon,8.5674,True,2196969,8.567406789638227,True,6.78964e-06/8.58307e-05,True
4b17fd,altitude,,False,0,,False,N/A,True
4b17fd,speed,0.06,True,1,0.1,True,0.04/0.1,True
4b17fd,heading,244.69,True,24469,244.69,True,0/0.01,True
4b17fd,vertical_rate,,False,0,,False,N/A,True
4b17fd,callsign,SWR7DC,True,,SWR7DC,True,N/A,True
a48850,lat,48.3537,True,3223874,48.353695476936224,True,4.52306e-06/4.29154e-05,True
a48850,lon,9.5029,True,2207868,9.502875686377479,True,2.43136e-05/8.58307e-05,True
a48850,altitude,11894.82,True,12895,11895.0,True,0.18/1,True
a48850,speed,241.82,True,2418,241.8,True,0.02/0.1,True
a48850,heading,152.78,True,15278,152.78,True,0/0.01,True
a48850,vertical_rate,0.0,True,32768,0.0,True,0/0.01,True
a48850,callsign,UPS266,True,,UPS266,True,N/A,True
896175,lat,45.5287,True,3158047,45.528706438233,True,6.43823e-06/4.29154e-05,True
896175,lon,5.104,True,2156617,5.103966022483348,True,3.39775e-05/8.58307e-05,True
896175,altitude,10972.8,True,11973,10973.0,True,0.2/1,True
896175,speed,255.67,True,2557,255.70000000000002,True,0.03/0.1,True
896175,heading,110.0,True,11000,110.0,True,0/0.01,True
896175,vertical_rate,0.0,True,32768,0.0,True,0/0.01,True
896175,callsign,UAE4M,True,,UAE4M,True,N/A,True
3849ff,lat,47.5896,True,3206069,47.589587590596096,True,1.24094e-05/4.29154e-05,True
3849ff,lon,7.5295,True,2184877,7.529541857133353,True,4.18571e-05/8.58307e-05,True
3849ff,altitude,,False,0,,False,N/A,True
3849ff,speed,22.12,True,221,22.1,True,0.02/0.1,True
3849ff,heading,334.69,True,33469,334.69,True,0/0.01,True
3849ff,vertical_rate,,False,0,,False,N/A,True
3849ff,callsign,M02,True,,M02,True,N/A,True
407fac,lat,48.9357,True,3237436,48.9357135142597,True,1.35143e-05/4.29154e-05,True
407fac,lon,8.9906,True,2201900,8.990638015422348,True,3.80154e-05/8.58307e-05,True
407fac,altitude,11582.4,True,12582,11582.0,True,0.4/1,True
407fac,speed,228.42,True,2284,228.4,True,0.02/0.1,True
407fac,heading,300.9,True,30090,300.90000000000003,True,5.68434e-14/0.01,True
407fac,vertical_rate,0.0,True,32768,0.0,True,0/0.01,True
407fac,callsign,TOM8VC,True,,TOM8VC,True,N/A,True
3c815e,lat,48.6862,True,3231622,48.68620364337053,True,3.64337e-06/4.29154e-05,True
3c815e,lon,9.2024,True,2204367,9.202382374377805,True,1.76256e-05/8.58307e-05,True
3c815e,altitude,,False,0,,False,N/A,True
3c815e,speed,5.66,True,57,5.7,True,0.04/0.1,True
3c815e,heading,73.12,True,7312,73.12,True,0/0.01,True
3c815e,vertical_rate,,False,0,,False,N/A,True
3c815e,callsign,F172,True,,F172,True,N/A,True
7c8066,lat,49.405,True,3248371,49.40499291539024,True,7.08461e-06/4.29154e-05,True
7c8066,lon,11.5747,True,2232006,11.574657338775921,True,4.26612e-05/8.58307e-05,True
7c8066,altitude,12184.38,True,13184,12184.0,True,0.38/1,True
7c8066,speed,243.99,True,2440,244.0,True,0.01/0.1,True
7c8066,heading,293.48,True,29348,293.48,True,0/0.01,True
7c8066,vertical_rate,0.0,True,32768,0.0,True,0/0.01,True
7c8066,callsign,QFA219,True,,QFA219,True,N/A,True
45ce47,lat,48.5185,True,3227714,48.518490438101395,True,9.5619e-06/4.29154e-05,True
45ce47,lon,6.298,True,2170529,6.298042845259403,True,4.28453e-05/8.58307e-05,True
45ce47,altitude,11887.2,True,12887,11887.0,True,0.2/1,True
45ce47,speed,233.65,True,2337,233.70000000000002,True,0.05/0.1,True
45ce47,heading,181.64,True,18164,181.64000000000001,True,2.84217e-14/0.01,True
45ce47,vertical_rate,0.0,True,32768,0.0,True,0/0.01,True
45ce47,callsign,SRR6382,True,,SRR6382,True,N/A,True
3c5434,lat,45.7287,True,3162707,45.72869199006365,True,8.00994e-06/4.29154e-05,True
3c5434,lon,8.7918,True,2199583,8.79176826280792,True,3.17372e-05/8.58307e-05,True
3c5434,altitude,3314.7,True,4315,3315.0,True,0.3/1,True
3c5434,speed,167.29,True,1673,167.3,True,0.01/0.1,True
3c5434,heading,152.33,True,15233,152.33,True,0/0.01,True
3c5434,vertical_rate,-5.85,True,32183,-5.850000000000023,True,2.30926e-14/0.01,True
3c5434,callsign,BCS6GA,True,,BCS6GA,True,N/A,True
4b5d62,lat,47.4578,True,3202998,47.45779453701843,True,5.46298e-06/4.29154e-05,True
4b5d62,lon,8.5619,True,2196905,8.561913624266055,True,1.36243e-05/8.58307e-05,True
4b5d62,altitude,,False,0,,False,N/A,True
4b5d62,speed,2.57,True,26,2.6,True,0.03/0.1,True
4b5d62,heading,275.62,True,27562,275.62,True,0/0.01,True
4b5d62,vertical_rate,,False,0,,False,N/A,True
4b5d62,callsign,VIKTOR21,True,,VIKTOR21,True,N/A,True
4b5d54,lat,47.4582,True,3203007,47.45818077520866,True,1.92248e-05/4.29154e-05,True
4b5d54,lon,8.5491,True,2196756,8.549124848633966,True,2.48486e-05/8.58307e-05,True
4b5d54,altitude,,False,0,,False,N/A,True
4b5d54,speed,4.37,True,44,4.4,True,0.03/0.1,True
4b5d54,heading,278.44,True,27844,278.44,True,0/0.01,True
4b5d54,vertical_rate,,False,0,,False,N/A,True
4b5d54,callsign,GALA6,True,,GALA6,True,N/A,True
4b5d6e,lat,47.4409,True,3202604,47.44088588735721,True,1.41126e-05/4.29154e-05,True
4b5d6e,lon,8.5624,True,2196911,8.562428608519696,True,2.86085e-05/8.58307e-05,True
4b5d6e,altitude,,False,0,,False,N/A,True
4b5d6e,speed,2.57,True,26,2.6,True,0.03/0.1,True
4b5d6e,heading,219.38,True,21938,219.38,True,0/0.01,True
4b5d6e,vertical_rate,,False,0,,False,N/A,True
4b5d6e,callsign,VIKTOR31,True,,VIKTOR31,True,N/A,True
4b5c39,lat,47.4579,True,3203000,47.45788036772737,True,1.96323e-05/4.29154e-05,True
4b5c39,lon,8.549,True,2196755,8.549039017925026,True,3.90179e-05/8.58307e-05,True
4b5c39,altitude,,False,0,,False,N/A,True
4b5c39,speed,4.89,True,49,4.9,True,0.01/0.1,True
4b5c39,heading,247.5,True,24750,247.5,True,0/0.01,True
4b5c39,vertical_rate,,False,0,,False,N/A,True
4b5c39,callsign,GALA21,True,,GALA21,True,N/A,True
4b5c1b,lat,47.4568,True,3202975,47.45680748386562,True,7.48387e-06/4.29154e-05,True
4b5c1b,lon,8.5628,True,2196915,8.562771931355456,True,2.80686e-05/8.58307e-05,True
4b5c1b,altitude,,False,0,,False,N/A,True
4b5c1b,speed,0.0,True,0,0.0,True,0/0.1,True
4b5c1b,heading,118.12,True,11812,118.12,True,0/0.01,True
4b5c1b,vertical_rate,,False,0,,False,N/A,True
4b5c1b,callsign,URSULA8,True,,URSULA8,True,N/A,True
440b61,lat,49.484,True,3250212,49.484000082969686,True,8.29697e-08/4.29154e-05,True
440b61,lon,5.0333,True,2155794,5.033327349025569,True,2.7349e-05/8.58307e-05,True
440b61,altitude,10957.56,True,11958,10958.0,True,0.44/1,True
440b61,speed,233.06,True,2331,233.10000000000002,True,0.04/0.1,True
440b61,heading,36.11,True,3611,36.11,True,0/0.01,True
440b61,vertical_rate,5.85,True,33353,5.850000000000023,True,2.30926e-14/0.01,True
440b61,callsign,TAY5DN,True,,TAY5DN,True,N/A,True
48ea3a,lat,47.8793,True,3212820,47.87930914862375,True,9.14862e-06/4.29154e-05,True
48ea3a,lon,8.0462,True,2190897,8.046242724953316,True,4.2725e-05/8.58307e-05,True
48ea3a,altitude,10972.8,True,11973,10973.0,True,0.2/1,True
48ea3a,speed,229.54,True,2295,229.5,True,0.04/0.1,True
48ea3a,heading,225.45,True,22545,225.45000000000002,True,2.84217e-14/0.01,True
48ea3a,vertical_rate,0.0,True,32768,0.0,True,0/0.01,True
48ea3a,callsign,ENT1511,True,,ENT1511,True,N/A,True
424cbf,lat,46.8685,True,3189266,46.868480889435034,True,1.91106e-05/4.29154e-05,True
424cbf,lon,11.209,True,2227746,11.209018518690698,True,1.85187e-05/8.58307e-05,True
424cbf,altitude,9730.74,True,10731,9731.0,True,0.26/1,True
424cbf,speed,243.53,True,2435,243.5,True,0.03/0.1,True
424cbf,heading,222.86,True,22286,222.86,True,0/0.01,True
424cbf,vertical_rate,-8.13,True,31955,-8.129999999999995,True,5.32907e-15/0.01,True
424cbf,callsign,MACOR,True,,MACOR,True,N/A,True
a61c53,lat,49.3949,True,3248136,49.394907807089766,True,7.80709e-06/4.29154e-05,True
a61c53,lon,10.7743,True,2222681,10.77428597790859,True,1.40221e-05/8.58307e-05,True
a61c53,altitude,10363.2,True,11363,10363.0,True,0.2/1,True
a61c53,speed,243.05,True,2431,243.10000000000002,True,0.05/0.1,True
a61c53,heading,288.51,True,28851,288.51,True,0/0.01,True
a61c53,vertical_rate,0.0,True,32768,0.0,True,0/0.01,True
a61c53,callsign,THY6091,True,,THY6091,True,N/A,True
8966d5,lat,47.8813,True,3212866,47.88128325492937,True,1.67451e-05/4.29154e-05,True
8966d5,lon,7.6513,True,2186296,7.651335633119487,True,3.56331e-05/8.58307e-05,True
8966d5,altitude,11277.6,True,12278,11278.0,True,0.4/1,True
8966d5,speed,258.28,True,2583,258.3,True,0.02/0.1,True
8966d5,heading,104.06,True,10406,104.06,True,0/0.01,True
8966d5,vertical_rate,0.0,True,32768,0.0,True,0/0.01,True
8966d5,callsign,ETD2,True,,ETD2,True,N/A,True
4d253b,lat,46.5154,True,3181039,46.51541626820952,True,1.62682e-05/4.29154e-05,True
4d253b,lon,5.7767,True,2164455,5.776707119156612,True,7.11916e-06/8.58307e-05,True
4d253b,altitude,11277.6,True,12278,11278.0,True,0.4/1,True
4d253b,speed,225.56,True,2256,225.60000000000002,True,0.04/0.1,True
4d253b,heading,195.75,True,19575,195.75,True,0/0.01,True
4d253b,vertical_rate,0.33,True,32801,0.3299999999999841,True,1.59317e-14/0.01,True
4d253b,callsign,EWG40C,True,,EWG40C,True,N/A,True
45b534,lat,48.7388,True,3232848,48.7388178679509,True,1.7868e-05/4.29154e-05,True
45b534,lon,9.4245,True,2206955,9.424512249115025,True,1.22491e-05/8.58307e-05,True
45b534,altitude,11582.4,True,12582,11582.0,True,0.4/1,True
45b534,speed,222.93,True,2229,222.9,True,0.03/0.1,True
45b534,heading,302.37,True,30237,302.37,True,0/0.01,True
45b534,vertical_rate,0.33,True,32801,0.3299999999999841,True,1.59317e-14/0.01,True
45b534,callsign,GAV596,True,,GAV596,True,N/A,True
4d240c,lat,49.2319,True,3244338,49.23191529081231,True,1.52908e-05/4.29154e-05,True
4d240c,lon,10.5875,True,2220505,10.58751835525473,True,1.83553e-05/8.58307e-05,True
4d240c,altitude,5372.1,True,6372,5372.0,True,0.1/1,True
4d240c,speed,193.84,True,1938,193.8,True,0.04/0.1,True
4d240c,heading,248.68,True,24868,248.68,True,0/0.01,True
4d240c,vertical_rate,9.1,True,33678,9.100000000000023,True,2.30926e-14/0.01,True
4d240c,callsign,EWG53L,True,,EWG53L,True,N/A,True
ad35c8,lat,45.9295,True,3167386,45.92949293362926,True,7.06637e-06/4.29154e-05,True
ad35c8,lon,11.3345,True,2229208,11.33450301516126,True,3.01516e-06/8.58307e-05,True
ad35c8,altitude,13716.0,True,14716,13716.0,True,0/1,True
ad35c8,speed,255.71,True,2557,255.70000000000002,True,0.01/0.1,True
ad35c8,heading,118.21,True,11821,118.21000000000001,True,1.42109e-14/0.01,True
ad35c8,vertical_rate,-0.33,True,32735,-0.3299999999999841,True,1.59317e-14/0.01,True
ad35c8,callsign,N950MP,True,,N950MP,True,N/A,True
3889ff,lat,45.7164,True,3162421,45.716418198685204,True,1.81987e-05/4.29154e-05,True
3889ff,lon,5.0926,True,2156485,5.092636368903243,True,3.63689e-05/8.58307e-05,True
3889ff,altitude,,False,0,,False,N/A,True
3889ff,speed,8.23,True,82,8.200000000000001,True,0.03/0.1,True
3889ff,heading,81.56,True,8156,81.56,True,0/0.01,True
3889ff,vertical_rate,,False,0,,False,N/A,True
3889ff,callsign,LA2,True,,LA2,True,N/A,True
4b17fd,lat,47.4443,True,3202684,47.44431911571482,True,1.91157e-05/4.29154e-05,True
4b17fd,lon,8.5674,True,2196969,8.567406789638227,True,6.78964e-06/8.58307e-05,True
4b17fd,altitude,,False,0,,False,N/A,True
4b17fd,speed,0.39,True,4,0.4,True,0.01/0.1,True
4b17fd,heading,244.69,True,24469,244.69,True,0/0.01,True
4b17fd,vertical_rate,,False,0,,False,N/A,True
4b17fd,callsign,SWR7DC,True,,SWR7DC,True,N/A,True
